Mes,Distribuição,P Value,Rejeita H0
1,t,4.300826887117988e-05,True
2,t,2.8303614131399733e-05,True
3,t,0.002697795674695515,True
4,t,0.0004894331203334448,True
5,t,0.00015700934424149788,True
6,t,0.00031631631891248987,True
7,t,0.004079147520769815,True
8,t,0.05335066555811519,False
9,t,0.031076234729407695,True
10,t,0.0004159929351177573,True
11,t,0.007584433710390793,True
12,t,0.0388577487791836,True
Todos,t,9.156885671927868e-15,True
