Mes,Distribuição,P Value,Rejeita H0
1,t,0.0005431368017139688,True
2,t,5.514920140967048e-05,True
3,t,7.521295402706512e-05,True
4,t,0.00012428447019171958,True
5,t,1.540465567959933e-06,True
6,t,0.00011082408506763446,True
7,t,0.015931690802891234,True
8,t,0.020710605880199972,True
9,t,0.009985179904141994,True
10,t,0.09304812084129965,False
11,t,0.00077310939205631,True
12,t,0.014409134586332977,True
Todos,t,4.8890091143580616e-15,True
