Mes,Distribuição,P Value,Rejeita H0
1,t,0.00020974687440982552,True
2,t,0.000910095252299995,True
3,t,0.003171968795714865,True
4,t,0.00471903845338075,True
5,t,6.548719472433359e-08,True
6,t,0.053364880414240826,False
7,t,0.049862587832923945,True
8,t,0.00304771956251463,True
9,t,0.012189402101409107,True
10,t,0.000836623222584833,True
11,t,0.0464168959912142,True
12,t,0.001701905509593801,True
Todos,t,2.37662341537763e-28,True
