Mes,Distribuição,P Value,Rejeita H0
1,t,5.0871214796188724e-08,True
2,t,4.0472437956573515e-08,True
3,t,5.153805526791899e-08,True
4,t,3.2853708975544293e-08,True
5,t,5.1584691296291396e-08,True
6,t,3.288851169180873e-08,True
7,t,5.130038227552092e-08,True
8,t,5.093903310271486e-08,True
9,t,3.198081077737669e-08,True
10,t,5.0001514262376645e-08,True
11,t,3.201071752112483e-08,True
12,t,5.0685279195938904e-08,True
Todos,t,2.380046499883548e-07,True
